{"v":"5.5.7","meta":{"g":"LottieFiles AE 0.1.20","a":"","k":"","d":"","tc":""},"fr":120,"ip":0,"op":175,"w":450,"h":450,"nm":"hes","ddd":0,"assets":[],"layers":[{"ddd":0,"ind":1,"ty":4,"nm":"katman 1 Outlines","sr":1,"ks":{"o":{"a":0,"k":100,"ix":11},"r":{"a":0,"k":0,"ix":10},"p":{"a":0,"k":[228.417,229.528,0],"ix":2},"a":{"a":0,"k":[162.702,151.828,0],"ix":1},"s":{"a":0,"k":[100,100,100],"ix":6}},"ao":0,"shapes":[{"ty":"gr","it":[{"ind":0,"ty":"sh","ix":1,"ks":{"a":0,"k":{"i":[[0,0],[-17.405,17.405],[-27.872,-27.089],[-27.574,-27.574],[0,0],[32.881,1.082],[0,0],[0,0],[0,0],[0,0],[0,0],[0,0],[0,0],[-7.028,-7.241],[0,0],[0,0],[0,0]],"o":[[-4.379,-22.467],[27.573,-27.574],[27.873,-27.089],[0,0],[26.507,26.5],[0,0],[0,0],[0,0],[0,0],[0,0],[0,0],[0,0],[-10.09,0],[0,0],[0,0],[0,0],[0,0]],"v":[[-120.823,-22.489],[-101.288,-86.528],[-1.298,-87.239],[98.694,-86.528],[98.695,-86.528],[86.322,-1.11],[23.203,-1.11],[13.033,26.47],[-1.477,-46.12],[-18.896,35.18],[-33.417,-15.63],[-40.676,0.34],[-85.089,0.34],[-93.281,19.711],[-1.298,114.204],[-1.173,114.328],[67.794,46.03]],"c":false},"ix":2},"nm":"Path 1","mn":"ADBE Vector Shape - Group","hd":false},{"ty":"st","c":{"a":0,"k":[1,0.101960778236,0.228742673993,1],"ix":3},"o":{"a":0,"k":100,"ix":4},"w":{"a":0,"k":17,"ix":5},"lc":2,"lj":2,"bm":0,"nm":"Stroke 1","mn":"ADBE Vector Graphic - Stroke","hd":false},{"ty":"tr","p":{"a":0,"k":[162.702,151.828],"ix":2},"a":{"a":0,"k":[0,0],"ix":1},"s":{"a":0,"k":[100,100],"ix":3},"r":{"a":0,"k":0,"ix":6},"o":{"a":0,"k":100,"ix":7},"sk":{"a":0,"k":0,"ix":4},"sa":{"a":0,"k":0,"ix":5},"nm":"Transform"}],"nm":"Group 1","np":2,"cix":2,"bm":0,"ix":1,"mn":"ADBE Vector Group","hd":false},{"ty":"tm","s":{"a":1,"k":[{"i":{"x":[0.717],"y":[1]},"o":{"x":[0.473],"y":[-0.196]},"t":0,"s":[0]},{"t":148,"s":[100]}],"ix":1},"e":{"a":1,"k":[{"i":{"x":[0.563],"y":[1]},"o":{"x":[0.146],"y":[0.562]},"t":0,"s":[0]},{"t":148,"s":[100]}],"ix":2},"o":{"a":0,"k":0,"ix":3},"m":1,"ix":2,"nm":"Trim Paths 1","mn":"ADBE Vector Filter - Trim","hd":false}],"ip":0,"op":600,"st":0,"bm":0}],"markers":[]}